wavelength_um,intensity_MW_sr-1_m-2_nm-1
0.000000000000000000e+00,nan
6.006006006006005954e-03,1.224605574644189078e-241
1.201201201201201191e-02,4.269209309763668112e-113
1.801801801801801786e-02,1.256198345898256115e-70
2.402402402402402382e-02,1.409120283931812358e-49
3.003003003003003324e-02,4.668185667312556904e-37
3.603603603603603572e-02,8.771529000202976703e-29
4.204204204204203821e-02,6.325276393904494236e-23
4.804804804804804763e-02,1.431111220222244115e-18
5.405405405405405705e-02,3.253429222292324711e-15
6.006006006006006648e-02,1.491071198127215749e-12
6.606606606606606202e-02,2.143063192523988956e-10
7.207207207207207145e-02,1.295713123767562542e-08
7.807807807807808087e-02,4.036212124184108366e-07
8.408408408408407642e-02,7.484175888717750360e-06
9.009009009009008584e-02,9.180693720325721566e-05
9.609609609609609526e-02,8.062339046349469799e-04
1.021021021021021047e-01,5.383292657353965990e-03
1.081081081081081141e-01,2.863609138919245498e-02
1.141141141141141097e-01,1.258983282676209847e-01
1.201201201201201330e-01,4.710841826924127007e-01
1.261261261261261146e-01,1.536122471246257115e+00
1.321321321321321240e-01,4.450257159058255141e+00
1.381381381381381335e-01,1.163807295698047106e+01
1.441441441441441429e-01,2.783880862145903734e+01
1.501501501501501246e-01,6.158833754045245001e+01
1.561561561561561617e-01,1.271973145418814966e+02
1.621621621621621434e-01,2.471903787076625179e+02
1.681681681681681528e-01,4.550941317872927812e+02
1.741741741741741623e-01,7.983906556616981334e+02
1.801801801801801717e-01,1.341401953764519476e+03
1.861861861861861811e-01,2.167847786836426167e+03
1.921921921921921905e-01,3.382827926312107138e+03
1.981981981981981722e-01,5.114017236361452888e+03
2.042042042042042094e-01,7.511921368282560252e+03
2.102102102102101910e-01,1.074911308801139057e+04
2.162162162162162282e-01,1.501844487310089789e+04
2.222222222222222099e-01,2.053030405102524310e+04
2.282282282282282193e-01,2.750903609687582502e+04
2.342342342342342287e-01,3.618870586887208628e+04
2.402402402402402659e-01,4.680839396845645388e+04
2.462462462462462476e-01,5.960723645772594318e+04
2.522522522522522292e-01,7.481941267720455653e+04
2.582582582582582664e-01,9.266927060051201261e+04
2.642642642642642481e-01,1.133667551604973705e+05
2.702702702702702298e-01,1.371032754149508837e+05
2.762762762762762669e-01,1.640481141507244611e+05
2.822822822822823041e-01,1.943454509735233150e+05
2.882882882882882858e-01,2.281120389960796165e+05
2.942942942942942675e-01,2.654355472872455721e+05
3.003003003003002491e-01,3.063735571526102140e+05
3.063063063063063418e-01,3.509531805304168956e+05
3.123123123123123235e-01,3.991712534059793106e+05
3.183183183183183051e-01,4.509950460120622884e+05
3.243243243243242868e-01,5.063634243453725358e+05
3.303303303303303240e-01,5.651883937280190876e+05
3.363363363363363057e-01,6.273569542542551644e+05
3.423423423423423428e-01,6.927331994484126335e+05
3.483483483483483245e-01,7.611605927966105519e+05
3.543543543543543617e-01,8.324643615187967662e+05
3.603603603603603434e-01,9.064539525872224476e+05
3.663663663663663250e-01,9.829255022009308450e+05
3.723723723723723622e-01,1.061664276382341050e+06
3.783783783783783994e-01,1.142447046821480617e+06
3.843843843843843811e-01,1.225044372360239970e+06
3.903903903903903627e-01,1.309222762438426027e+06
3.963963963963963444e-01,1.394746704312992049e+06
4.024024024024024371e-01,1.481380540846959222e+06
4.084084084084084187e-01,1.568890190109609626e+06
4.144144144144144004e-01,1.657044701924182707e+06
4.204204204204203821e-01,1.745617649850941729e+06
4.264264264264264193e-01,1.834388359924461693e+06
4.324324324324324564e-01,1.923142979805633193e+06
4.384384384384384381e-01,2.011675393900074530e+06
4.444444444444444198e-01,2.099787991477290634e+06
4.504504504504504570e-01,2.187292295943296980e+06
4.564564564564564386e-01,2.274009464216938708e+06
4.624624624624624203e-01,2.359770665680292528e+06
4.684684684684684575e-01,2.444417350455676671e+06
4.744744744744744946e-01,2.527801416844791733e+06
4.804804804804805318e-01,2.609785287682970520e+06
4.864864864864865135e-01,2.690241905145179946e+06
4.924924924924924952e-01,2.769054653217930347e+06
4.984984984984985323e-01,2.846117216646987945e+06
5.045045045045044585e-01,2.921333384706317447e+06
5.105105105105105512e-01,2.994616807626945898e+06
5.165165165165165329e-01,3.065890712991490029e+06
5.225225225225225145e-01,3.135087588853383437e+06
5.285285285285284962e-01,3.202148839790543541e+06
5.345345345345344779e-01,3.267024421560117509e+06
5.405405405405404595e-01,3.329672459490709007e+06
5.465465465465465522e-01,3.390058855236703530e+06
5.525525525525525339e-01,3.448156886030306574e+06
5.585585585585585155e-01,3.503946800103249028e+06
5.645645645645646082e-01,3.557415411514256615e+06
5.705705705705705899e-01,3.608555697210782208e+06
5.765765765765765716e-01,3.657366398775917944e+06
5.825825825825825532e-01,3.703851630962448660e+06
5.885885885885885349e-01,3.748020498796193860e+06
5.945945945945945166e-01,3.789886724739162251e+06
6.006006006006004982e-01,3.829468287138082087e+06
6.066066066066065909e-01,3.866787070945077576e+06
6.126126126126126836e-01,3.901868531482719816e+06
6.186186186186186653e-01,3.934741371834166348e+06
6.246246246246246470e-01,3.965437234269048553e+06
6.306306306306306286e-01,3.993990405965706799e+06
6.366366366366366103e-01,4.020437539158749860e+06
6.426426426426425920e-01,4.044817385726408102e+06
6.486486486486485736e-01,4.067170546132768039e+06
6.546546546546545553e-01,4.087539232555314433e+06
6.606606606606606480e-01,4.105967045956043061e+06
6.666666666666666297e-01,4.122498766793868970e+06
6.726726726726726113e-01,4.137180159026079345e+06
6.786786786786787040e-01,4.150057787005917635e+06
6.846846846846846857e-01,4.161178844850989059e+06
6.906906906906906674e-01,4.170590997832298744e+06
6.966966966966966490e-01,4.178342235315257218e+06
7.027027027027026307e-01,4.184480734771401156e+06
7.087087087087087234e-01,4.189054736371850595e+06
7.147147147147147050e-01,4.192112427670359146e+06
7.207207207207206867e-01,4.193701837884173263e+06
7.267267267267266684e-01,4.193870741284654941e+06
7.327327327327326500e-01,4.192666569216141943e+06
7.387387387387387427e-01,4.190136330270153005e+06
7.447447447447447244e-01,4.186326538152755704e+06
7.507507507507507061e-01,4.181283146795093548e+06
7.567567567567567988e-01,4.175051492270557210e+06
7.627627627627627804e-01,4.167676241096627899e+06
7.687687687687687621e-01,4.159201344514338300e+06
7.747747747747747438e-01,4.149669998354359530e+06
7.807807807807807254e-01,4.139124608114602976e+06
7.867867867867867071e-01,4.127606758890487719e+06
7.927927927927926888e-01,4.115157189815489575e+06
7.987987987987986704e-01,4.101815772685606964e+06
8.048048048048048742e-01,4.087621494457790628e+06
8.108108108108108558e-01,4.072612443327944260e+06
8.168168168168168375e-01,4.056825798109800555e+06
8.228228228228228192e-01,4.040297820651103277e+06
8.288288288288288008e-01,4.023063851038282271e+06
8.348348348348347825e-01,4.005158305355080403e+06
8.408408408408407642e-01,3.986614675774390344e+06
8.468468468468467458e-01,3.967465532775918953e+06
8.528528528528528385e-01,3.947742529294990003e+06
8.588588588588588202e-01,3.927476406620142981e+06
8.648648648648649129e-01,3.906697001868874766e+06
8.708708708708708945e-01,3.885433256882041693e+06
8.768768768768768762e-01,3.863713228388146963e+06
8.828828828828828579e-01,3.841564099298897665e+06
8.888888888888888395e-01,3.819012191007003188e+06
8.948948948948948212e-01,3.796082976566381752e+06
9.009009009009009139e-01,3.772801094643531833e+06
9.069069069069068956e-01,3.749190364137091208e+06
9.129129129129128772e-01,3.725273799370265100e+06
9.189189189189188589e-01,3.701073625768071041e+06
9.249249249249248406e-01,3.676611295938283671e+06
9.309309309309309333e-01,3.651907506081335247e+06
9.369369369369369149e-01,3.626982212660530582e+06
9.429429429429428966e-01,3.601854649269559886e+06
9.489489489489489893e-01,3.576543343639755156e+06
9.549549549549549710e-01,3.551066134734302759e+06
9.609609609609610636e-01,3.525440189881542698e+06
9.669669669669669343e-01,3.499682021903587505e+06
9.729729729729730270e-01,3.473807506200807169e+06
9.789789789789788976e-01,3.447831897756270133e+06
9.849849849849849903e-01,3.421769848027970642e+06
9.909909909909908610e-01,3.395635421699792147e+06
9.969969969969970647e-01,3.369442113265293185e+06
1.003003003003002824e+00,3.343202863421234302e+06
1.009009009009008917e+00,3.316930075250247959e+06
1.015015015015014788e+00,3.290635630174733698e+06
1.021021021021021102e+00,3.264330903666015249e+06
1.027027027027027195e+00,3.238026780695074704e+06
1.033033033033033066e+00,3.211733670913032256e+06
1.039039039039039158e+00,3.185461523551184684e+06
1.045045045045045029e+00,3.159219842032270506e+06
1.051051051051051122e+00,3.133017698285854422e+06
1.057057057057056992e+00,3.106863746762274764e+06
1.063063063063063085e+00,3.080766238140733447e+06
1.069069069069068956e+00,3.054733032728336286e+06
1.075075075075075048e+00,3.028771613547806628e+06
1.081081081081080919e+00,3.002889099112695549e+06
1.087087087087087012e+00,2.977092255889613647e+06
1.093093093093093104e+00,2.951387510447900742e+06
1.099099099099098975e+00,2.925780961297825910e+06
1.105105105105105068e+00,2.900278390418948140e+06
1.111111111111110938e+00,2.874885274481011089e+06
1.117117117117117031e+00,2.849606795760109555e+06
1.123123123123123124e+00,2.824447852753322106e+06
1.129129129129129216e+00,2.799413070495543536e+06
1.135135135135135087e+00,2.774506810582419392e+06
1.141141141141141180e+00,2.749733180903726723e+06
1.147147147147147050e+00,2.725096045091784094e+06
1.153153153153153143e+00,2.700599031689635478e+06
1.159159159159159236e+00,2.676245543044110760e+06
1.165165165165165106e+00,2.652038763928813860e+06
1.171171171171171199e+00,2.627981669902470428e+06
1.177177177177177070e+00,2.604077035407976713e+06
1.183183183183183163e+00,2.580327441617690027e+06
1.189189189189189033e+00,2.556735284030564129e+06
1.195195195195195126e+00,2.533302779826728627e+06
1.201201201201200996e+00,2.510031974985186942e+06
1.207207207207207089e+00,2.486924751170315314e+06
1.213213213213213182e+00,2.463982832392820157e+06
1.219219219219219275e+00,2.441207791450807359e+06
1.225225225225225367e+00,2.418601056156628765e+06
1.231231231231231238e+00,2.396163915355058387e+06
1.237237237237237331e+00,2.373897524738355074e+06
1.243243243243243201e+00,2.351802912463737186e+06
1.249249249249249294e+00,2.329880984578624833e+06
1.255255255255255165e+00,2.308132530259099323e+06
1.261261261261261257e+00,2.286558226866760291e+06
1.267267267267267128e+00,2.265158644829264842e+06
1.273273273273273221e+00,2.243934252349625342e+06
1.279279279279279091e+00,2.222885419949262869e+06
1.285285285285285184e+00,2.202012424849815667e+06
1.291291291291291277e+00,2.181315455198476091e+06
1.297297297297297147e+00,2.160794614141623955e+06
1.303303303303303240e+00,2.140449923751395196e+06
1.309309309309309111e+00,2.120281328809713479e+06
1.315315315315315425e+00,2.100288700454236474e+06
1.321321321321321296e+00,2.080471839690531138e+06
1.327327327327327389e+00,2.060830480774734169e+06
1.333333333333333259e+00,2.041364294470800553e+06
1.339339339339339352e+00,2.022072891186400549e+06
1.345345345345345223e+00,2.002955823991354322e+06
1.351351351351351315e+00,1.984012591522449395e+06
1.357357357357357408e+00,1.965242640778373461e+06
1.363363363363363279e+00,1.946645369808346266e+06
1.369369369369369371e+00,1.928220130298036616e+06
1.375375375375375242e+00,1.909966230056125438e+06
1.381381381381381335e+00,1.891882935404907912e+06
1.387387387387387205e+00,1.873969473478132626e+06
1.393393393393393298e+00,1.856225034429232590e+06
1.399399399399399169e+00,1.838648773553026840e+06
1.405405405405405261e+00,1.821239813323808368e+06
1.411411411411411576e+00,1.803997245352746919e+06
1.417417417417417447e+00,1.786920132267366629e+06
1.423423423423423539e+00,1.770007509515804006e+06
1.429429429429429410e+00,1.753258387098494684e+06
1.435435435435435503e+00,1.736671751229806570e+06
1.441441441441441373e+00,1.720246565932094352e+06
1.447447447447447466e+00,1.703981774564565625e+06
1.453453453453453337e+00,1.687876301289273659e+06
1.459459459459459429e+00,1.671929052476456156e+06
1.465465465465465300e+00,1.656138918051426997e+06
1.471471471471471393e+00,1.640504772785069188e+06
1.477477477477477485e+00,1.625025477530012839e+06
1.483483483483483356e+00,1.609699880404416705e+06
1.489489489489489449e+00,1.594526817925283220e+06
1.495495495495495319e+00,1.579505116093143588e+06
1.501501501501501412e+00,1.564633591429868247e+06
1.507507507507507505e+00,1.549911051971349167e+06
1.513513513513513598e+00,1.535336298216705676e+06
1.519519519519519468e+00,1.520908124035605928e+06
1.525525525525525561e+00,1.506625317535280250e+06
1.531531531531531432e+00,1.492486661888707662e+06
1.537537537537537524e+00,1.478490936125429114e+06
1.543543543543543617e+00,1.464636915886398638e+06
1.549549549549549488e+00,1.450923374144199304e+06
1.555555555555555580e+00,1.437349081889954628e+06
1.561561561561561451e+00,1.423912808788183378e+06
1.567567567567567544e+00,1.410613323800807819e+06
1.573573573573573414e+00,1.397449395781513304e+06
1.579579579579579507e+00,1.384419794041566784e+06
1.585585585585585378e+00,1.371523288888198556e+06
1.591591591591591470e+00,1.358758652136616642e+06
1.597597597597597341e+00,1.346124657596647507e+06
1.603603603603603656e+00,1.333620081535004545e+06
1.609609609609609748e+00,1.321243703114131466e+06
1.615615615615615619e+00,1.308994304808518384e+06
1.621621621621621712e+00,1.296870672799399821e+06
1.627627627627627582e+00,1.284871597348658834e+06
1.633633633633633675e+00,1.272995873152772896e+06
1.639639639639639546e+00,1.261242299677597359e+06
1.645645645645645638e+00,1.249609681474724552e+06
1.651651651651651509e+00,1.238096828480183613e+06
1.657657657657657602e+00,1.226702556296166964e+06
1.663663663663663472e+00,1.215425686456481693e+06
1.669669669669669565e+00,1.204265046676371479e+06
1.675675675675675658e+00,1.193219471087349812e+06
1.681681681681681528e+00,1.182287800457660807e+06
1.687687687687687621e+00,1.171468882398939459e+06
1.693693693693693492e+00,1.160761571559661767e+06
1.699699699699699584e+00,1.150164729805907002e+06
1.705705705705705677e+00,1.139677226389979478e+06
1.711711711711711770e+00,1.129297938107378315e+06
1.717717717717717640e+00,1.119025749442623230e+06
1.723723723723723733e+00,1.108859552704381756e+06
1.729729729729729826e+00,1.098798248150377069e+06
1.735735735735735696e+00,1.088840744102489203e+06
1.741741741741741789e+00,1.078985957052482059e+06
1.747747747747747660e+00,1.069232811758759897e+06
1.753753753753753752e+00,1.059580241334534483e+06
1.759759759759759623e+00,1.050027187327781459e+06
1.765765765765765716e+00,1.040572599793349276e+06
1.771771771771771586e+00,1.031215437357557123e+06
1.777777777777777679e+00,1.021954667275628075e+06
1.783783783783783550e+00,1.012789265482266201e+06
1.789789789789789642e+00,1.003718216635689256e+06
1.795795795795795735e+00,9.947405141554258298e+05
1.801801801801801828e+00,9.858551602541363100e+05
1.807807807807807920e+00,9.770611659637591802e+05
1.813813813813813791e+00,9.683575511562305037e+05
1.819819819819819884e+00,9.597433445590331685e+05
1.825825825825825754e+00,9.512175837658224627e+05
1.831831831831831847e+00,9.427793152423612773e+05
1.837837837837837718e+00,9.344275943279885687e+05
1.843843843843843811e+00,9.261614852328376146e+05
1.849849849849849681e+00,9.179800610310189659e+05
1.855855855855855774e+00,9.098824036499533104e+05
1.861861861861861867e+00,9.018676038560667075e+05
1.867867867867867737e+00,8.939347612370105926e+05
1.873873873873873830e+00,8.860829841806002660e+05
1.879879879879879701e+00,8.783113898506375263e+05
1.885885885885885793e+00,8.706191041597784497e+05
1.891891891891891664e+00,8.630052617396010319e+05
1.897897897897897979e+00,8.554690059080328792e+05
1.903903903903903849e+00,8.480094886342742248e+05
1.909909909909909942e+00,8.406258705013589934e+05
1.915915915915915813e+00,8.333173206664882600e+05
1.921921921921922127e+00,8.260830168192558922e+05
1.927927927927927998e+00,8.189221451379071223e+05
1.933933933933933869e+00,8.118339002437224844e+05
1.939939939939939739e+00,8.048174851536621572e+05
1.945945945945946054e+00,7.978721112313661724e+05
1.951951951951951925e+00,7.909969981366184074e+05
1.957957957957957795e+00,7.841913737733714515e+05
1.963963963963963666e+00,7.774544742364329286e+05
1.969969969969969981e+00,7.707855437568947673e+05
1.975975975975975851e+00,7.641838346464055358e+05
1.981981981981981722e+00,7.576486072403551079e+05
1.987987987987988037e+00,7.511791298400640953e+05
1.993993993993994129e+00,7.447746786540499888e+05
2.000000000000000000e+00,7.384345377384409076e+05
2.006006006006005649e+00,7.321579989366075024e+05
2.012012012012012185e+00,7.259443618180896156e+05
2.018018018018017834e+00,7.197929336168660084e+05
2.024024024024023927e+00,7.137030291690431768e+05
2.030030030030029575e+00,7.076739708500121487e+05
2.036036036036036112e+00,7.017050885111342650e+05
2.042042042042042205e+00,6.957957194160103099e+05
2.048048048048047853e+00,6.899452081763765309e+05
2.054054054054054390e+00,6.841529066876897123e+05
2.060060060060060039e+00,6.784181740644347155e+05
2.066066066066066131e+00,6.727403765752043109e+05
2.072072072072071780e+00,6.671188875775982160e+05
2.078078078078078317e+00,6.615530874529726570e+05
2.084084084084083965e+00,6.560423635410886491e+05
2.090090090090090058e+00,6.505861100746849552e+05
2.096096096096095707e+00,6.451837281140217092e+05
2.102102102102102243e+00,6.398346254814189160e+05
2.108108108108107892e+00,6.345382166958306916e+05
2.114114114114113985e+00,6.292939229074711911e+05
2.120120120120120077e+00,6.241011718325377442e+05
2.126126126126126170e+00,6.189593976880474947e+05
2.132132132132131819e+00,6.138680411268119933e+05
2.138138138138137911e+00,6.088265491725844331e+05
2.144144144144144448e+00,6.038343751553901238e+05
2.150150150150150097e+00,5.988909786470738472e+05
2.156156156156156189e+00,5.939958253970750375e+05
2.162162162162161838e+00,5.891483872684544185e+05
2.168168168168168375e+00,5.843481421741949162e+05
2.174174174174174023e+00,5.795945740137866233e+05
2.180180180180180116e+00,5.748871726101149106e+05
2.186186186186186209e+00,5.702254336466724053e+05
2.192192192192192302e+00,5.656088586051020538e+05
2.198198198198197950e+00,5.610369547030872200e+05
2.204204204204204043e+00,5.565092348326058127e+05
2.210210210210210136e+00,5.520252174985551974e+05
2.216216216216216228e+00,5.475844267577622086e+05
2.222222222222221877e+00,5.431863921583881602e+05
2.228228228228227970e+00,5.388306486797367688e+05
2.234234234234234062e+00,5.345167366724769818e+05
2.240240240240240155e+00,5.302442017992910696e+05
2.246246246246246248e+00,5.260125949759471696e+05
2.252252252252252340e+00,5.218214723128146725e+05
2.258258258258258433e+00,5.176703950568216969e+05
2.264264264264264082e+00,5.135589295338617521e+05
2.270270270270270174e+00,5.094866470916590770e+05
2.276276276276276267e+00,5.054531240430941107e+05
2.282282282282282360e+00,5.014579416099966038e+05
2.288288288288288008e+00,4.975006858674042742e+05
2.294294294294294101e+00,4.935809476883008610e+05
2.300300300300300194e+00,4.896983226888284553e+05
2.306306306306306286e+00,4.858524111739827204e+05
2.312312312312311935e+00,4.820428180837867549e+05
2.318318318318318472e+00,4.782691529399541905e+05
2.324324324324324120e+00,4.745310297930384404e+05
2.330330330330330213e+00,4.708280671700679814e+05
2.336336336336336306e+00,4.671598880226755864e+05
2.342342342342342398e+00,4.635261196757140569e+05
2.348348348348348491e+00,4.599263937763677677e+05
2.354354354354354140e+00,4.563603462437507696e+05
2.360360360360360232e+00,4.528276172190015786e+05
2.366366366366366325e+00,4.493278510158664430e+05
2.372372372372372418e+00,4.458606960717766196e+05
2.378378378378378066e+00,4.424258048994134297e+05
2.384384384384384603e+00,4.390228340387651697e+05
2.390390390390390252e+00,4.356514440096737235e+05
2.396396396396396344e+00,4.323112992648658692e+05
2.402402402402401993e+00,4.290020681434743456e+05
2.408408408408408530e+00,4.257234228250420419e+05
2.414414414414414178e+00,4.224750392840095446e+05
2.420420420420420271e+00,4.192565972446834785e+05
2.426426426426426364e+00,4.160677801366847125e+05
2.432432432432432456e+00,4.129082750508739846e+05
2.438438438438438549e+00,4.097777726957517443e+05
2.444444444444444198e+00,4.066759673543298850e+05
2.450450450450450735e+00,4.036025568414750742e+05
2.456456456456456383e+00,4.005572424617179786e+05
2.462462462462462476e+00,3.975397289675269858e+05
2.468468468468468124e+00,3.945497245180444443e+05
2.474474474474474661e+00,3.915869406382819288e+05
2.480480480480480310e+00,3.886510921787716215e+05
2.486486486486486402e+00,3.857418972756675212e+05
2.492492492492492051e+00,3.828590773113009054e+05
2.498498498498498588e+00,3.800023568751788116e+05
2.504504504504504236e+00,3.771714637254287954e+05
2.510510510510510329e+00,3.743661287506791414e+05
2.516516516516516422e+00,3.715860859323799377e+05
2.522522522522522515e+00,3.688310723075557617e+05
2.528528528528528607e+00,3.661008279319867725e+05
2.534534534534534256e+00,3.633950958438182715e+05
2.540540540540540793e+00,3.607136220275902888e+05
2.546546546546546441e+00,3.580561553786886507e+05
2.552552552552552534e+00,3.554224476682093227e+05
2.558558558558558182e+00,3.528122535082360264e+05
2.564564564564564719e+00,3.502253303175254841e+05
2.570570570570570368e+00,3.476614382875973242e+05
2.576576576576576461e+00,3.451203403492237558e+05
2.582582582582582553e+00,3.426018021393167437e+05
2.588588588588588646e+00,3.401055919682108797e+05
2.594594594594594295e+00,3.376314807873308309e+05
2.600600600600600387e+00,3.351792421572497697e+05
2.606606606606606480e+00,3.327486522161260946e+05
2.612612612612612573e+00,3.303394896485212375e+05
2.618618618618618221e+00,3.279515356545901159e+05
2.624624624624624314e+00,3.255845739196433569e+05
2.630630630630630851e+00,3.232383905840764055e+05
2.636636636636636499e+00,3.209127742136621964e+05
2.642642642642642592e+00,3.186075157702029101e+05
2.648648648648648685e+00,3.163224085825381335e+05
2.654654654654654777e+00,3.140572483179057017e+05
2.660660660660660426e+00,3.118118329536484089e+05
2.666666666666666519e+00,3.095859627492695581e+05
2.672672672672672611e+00,3.073794402188259992e+05
2.678678678678678704e+00,3.051920701036605751e+05
2.684684684684684353e+00,3.030236593454674585e+05
2.690690690690690445e+00,3.008740170596875250e+05
2.696696696696696538e+00,2.987429545092310873e+05
2.702702702702702631e+00,2.966302850785226910e+05
2.708708708708708279e+00,2.945358242478652974e+05
2.714714714714714816e+00,2.924593895681201830e+05
2.720720720720720465e+00,2.904008006356996484e+05
2.726726726726726557e+00,2.883598790678673540e+05
2.732732732732732650e+00,2.863364484783448861e+05
2.738738738738738743e+00,2.843303344532188494e+05
2.744744744744744835e+00,2.823413645271473797e+05
2.750750750750750484e+00,2.803693681598603725e+05
2.756756756756757021e+00,2.784141767129520886e+05
2.762762762762762669e+00,2.764756234269610723e+05
2.768768768768768762e+00,2.745535433987347060e+05
2.774774774774774411e+00,2.726477735590757802e+05
2.780780780780780947e+00,2.707581526506661321e+05
2.786786786786786596e+00,2.688845212062663049e+05
2.792792792792792689e+00,2.670267215271854075e+05
2.798798798798798337e+00,2.651845976620196016e+05
2.804804804804804874e+00,2.633579953856563079e+05
2.810810810810810523e+00,2.615467621785401425e+05
2.816816816816816615e+00,2.597507472061967419e+05
2.822822822822823152e+00,2.579698012990132847e+05
2.828828828828828801e+00,2.562037769322716922e+05
2.834834834834834894e+00,2.544525282064299099e+05
2.840840840840840542e+00,2.527159108276517945e+05
2.846846846846847079e+00,2.509937820885787951e+05
2.852852852852852727e+00,2.492860008493433998e+05
2.858858858858858820e+00,2.475924275188194297e+05
2.864864864864864469e+00,2.459129240361070260e+05
2.870870870870871006e+00,2.442473538522502931e+05
2.876876876876876654e+00,2.425955819121831737e+05
2.882882882882882747e+00,2.409574746369014902e+05
2.888888888888888840e+00,2.393328999058587360e+05
2.894894894894894932e+00,2.377217270395825908e+05
2.900900900900900581e+00,2.361238267825086950e+05
2.906906906906906674e+00,2.345390712860296480e+05
2.912912912912912766e+00,2.329673340917573078e+05
2.918918918918918859e+00,2.314084901149946090e+05
2.924924924924924952e+00,2.298624156284134078e+05
2.930930930930930600e+00,2.283289882459386718e+05
2.936936936936937137e+00,2.268080869068338070e+05
2.942942942942942786e+00,2.252995918599858996e+05
2.948948948948948878e+00,2.238033846483874950e+05
2.954954954954954971e+00,2.223193480938131979e+05
2.960960960960961064e+00,2.208473662816888536e+05
2.966966966966966712e+00,2.193873245461492916e+05
2.972972972972972805e+00,2.179391094552843133e+05
2.978978978978978898e+00,2.165026087965690240e+05
2.984984984984984990e+00,2.150777115624777507e+05
2.990990990990990639e+00,2.136643079362763383e+05
2.996996996996996732e+00,2.122622892779938702e+05
3.003003003003002824e+00,2.108715481105699728e+05
3.009009009009008917e+00,2.094919781061748508e+05
3.015015015015015010e+00,2.081234740727017634e+05
3.021021021021021102e+00,2.067659319404268463e+05
3.027027027027027195e+00,2.054192487488377665e+05
3.033033033033032844e+00,2.040833226336255611e+05
3.039039039039038936e+00,2.027580528138405061e+05
3.045045045045045029e+00,2.014433395792072406e+05
3.051051051051051122e+00,2.001390842775997298e+05
3.057057057057056770e+00,1.988451893026718462e+05
3.063063063063062863e+00,1.975615580816426373e+05
3.069069069069068956e+00,1.962880950632344466e+05
3.075075075075075048e+00,1.950247057057617349e+05
3.081081081081080697e+00,1.937712964653675444e+05
3.087087087087087234e+00,1.925277747844075493e+05
3.093093093093092882e+00,1.912940490799793333e+05
3.099099099099098975e+00,1.900700287325932877e+05
3.105105105105104624e+00,1.888556240749859717e+05
3.111111111111111160e+00,1.876507463810720074e+05
3.117117117117117253e+00,1.864553078550341597e+05
3.123123123123122902e+00,1.852692216205481964e+05
3.129129129129128994e+00,1.840924017101428180e+05
3.135135135135135087e+00,1.829247630546912551e+05
3.141141141141141180e+00,1.817662214730338310e+05
3.147147147147146828e+00,1.806166936617286410e+05
3.153153153153153365e+00,1.794760971849306661e+05
3.159159159159159014e+00,1.783443504643955093e+05
3.165165165165165106e+00,1.772213727696070273e+05
3.171171171171170755e+00,1.761070842080286529e+05
3.177177177177177292e+00,1.750014057154735783e+05
3.183183183183182940e+00,1.739042590465960384e+05
3.189189189189189033e+00,1.728155667654983990e+05
3.195195195195194682e+00,1.717352522364566685e+05
3.201201201201201219e+00,1.706632396147580002e+05
3.207207207207207311e+00,1.695994538376540877e+05
3.213213213213212960e+00,1.685438206154241925e+05
3.219219219219219497e+00,1.674962664225494664e+05
3.225225225225225145e+00,1.664567184889960627e+05
3.231231231231231238e+00,1.654251047916051175e+05
3.237237237237236887e+00,1.644013540455899783e+05
3.243243243243243423e+00,1.633853956961362856e+05
3.249249249249249072e+00,1.623771599101075844e+05
3.255255255255255165e+00,1.613765775678508217e+05
3.261261261261260813e+00,1.603835802551041998e+05
3.267267267267267350e+00,1.593981002550033445e+05
3.273273273273272999e+00,1.584200705401861633e+05
3.279279279279279091e+00,1.574494247649939789e+05
3.285285285285285184e+00,1.564860972577689972e+05
3.291291291291291277e+00,1.555300230132454599e+05
3.297297297297296925e+00,1.545811376850340457e+05
3.303303303303303018e+00,1.536393775781985896e+05
3.309309309309309555e+00,1.527046796419228194e+05
3.315315315315315203e+00,1.517769814622677513e+05
3.321321321321321296e+00,1.508562212550161930e+05
3.327327327327326945e+00,1.499423378586054896e+05
3.333333333333333481e+00,1.490352707271459512e+05
3.339339339339339130e+00,1.481349599235246133e+05
3.345345345345345223e+00,1.472413461125924077e+05
3.351351351351351315e+00,1.463543705544350378e+05
3.357357357357357408e+00,1.454739750977248477e+05
3.363363363363363057e+00,1.446001021731538349e+05
3.369369369369369149e+00,1.437326947869458527e+05
3.375375375375375242e+00,1.428716965144485584e+05
3.381381381381381335e+00,1.420170514938020788e+05
3.387387387387386983e+00,1.411687044196842762e+05
3.393393393393393076e+00,1.403266005371323263e+05
3.399399399399399169e+00,1.394906856354387419e+05
3.405405405405405261e+00,1.386609060421209142e+05
3.411411411411411354e+00,1.378372086169635004e+05
3.417417417417417447e+00,1.370195407461330469e+05
3.423423423423423539e+00,1.362078503363630734e+05
3.429429429429429188e+00,1.354020858092096751e+05
3.435435435435435281e+00,1.346021960953755770e+05
3.441441441441441373e+00,1.338081306291029032e+05
3.447447447447447466e+00,1.330198393426336406e+05
3.453453453453453115e+00,1.322372726607357326e+05
3.459459459459459651e+00,1.314603814952953835e+05
3.465465465465465300e+00,1.306891172399744682e+05
3.471471471471471393e+00,1.299234317649309523e+05
3.477477477477477041e+00,1.291632774116035143e+05
3.483483483483483578e+00,1.284086069875579706e+05
3.489489489489489227e+00,1.276593737613953708e+05
3.495495495495495319e+00,1.269155314577209938e+05
3.501501501501501412e+00,1.261770342521729181e+05
3.507507507507507505e+00,1.254438367665105616e+05
3.513513513513513598e+00,1.247158940637611086e+05
3.519519519519519246e+00,1.239931616434238822e+05
3.525525525525525783e+00,1.232755954367315862e+05
3.531531531531531432e+00,1.225631518019682262e+05
3.537537537537537524e+00,1.218557875198419933e+05
3.543543543543543173e+00,1.211534597889135184e+05
3.549549549549549710e+00,1.204561262210780114e+05
3.555555555555555358e+00,1.197637448371011851e+05
3.561561561561561451e+00,1.190762740622071869e+05
3.567567567567567099e+00,1.183936727217197913e+05
3.573573573573573636e+00,1.177159000367540575e+05
3.579579579579579285e+00,1.170429156199596473e+05
3.585585585585585378e+00,1.163746794713135023e+05
3.591591591591591470e+00,1.157111519739624055e+05
3.597597597597597563e+00,1.150522938901148882e+05
3.603603603603603656e+00,1.143980663569806638e+05
3.609609609609609304e+00,1.137484308827580680e+05
3.615615615615615841e+00,1.131033493426689529e+05
3.621621621621621490e+00,1.124627839750394196e+05
3.627627627627627582e+00,1.118266973774268699e+05
3.633633633633633231e+00,1.111950525027922122e+05
3.639639639639639768e+00,1.105678126557169307e+05
3.645645645645645416e+00,1.099449414886642335e+05
3.651651651651651509e+00,1.093264029982839857e+05
3.657657657657657602e+00,1.087121615217604995e+05
3.663663663663663694e+00,1.081021817332030914e+05
3.669669669669669343e+00,1.074964286400784767e+05
3.675675675675675436e+00,1.068948675796848111e+05
3.681681681681681528e+00,1.062974642156665359e+05
3.687687687687687621e+00,1.057041845345698966e+05
3.693693693693693714e+00,1.051149948424380709e+05
3.699699699699699362e+00,1.045298617614461982e+05
3.705705705705705899e+00,1.039487522265746229e+05
3.711711711711711548e+00,1.033716334823217330e+05
3.717717717717717640e+00,1.027984730794537900e+05
3.723723723723723733e+00,1.022292388717923895e+05
3.729729729729729826e+00,1.016638990130398306e+05
3.735735735735735474e+00,1.011024219536398014e+05
3.741741741741741567e+00,1.005447764376752602e+05
3.747747747747747660e+00,9.999093149980137241e+04
3.753753753753753752e+00,9.944085646221401112e+04
3.759759759759759401e+00,9.889452093165292172e+04
3.765765765765765494e+00,9.835189479643922823e+04
3.771771771771771586e+00,9.781294822354688949e+04
3.777777777777777679e+00,9.727765165570781392e+04
3.783783783783783328e+00,9.674597580855010892e+04
3.789789789789789864e+00,9.621789166776847560e+04
3.795795795795795957e+00,9.569337048632798542e+04
3.801801801801801606e+00,9.517238378169841599e+04
3.807807807807807698e+00,9.465490333312140137e+04
3.813813813813813791e+00,9.414090117890758847e+04
3.819819819819819884e+00,9.363034961376534193e+04
3.825825825825825532e+00,9.312322118615930958e+04
3.831831831831831625e+00,9.261948869569927047e+04
3.837837837837837274e+00,9.211912519055813027e+04
3.843843843843844255e+00,9.162210396491995198e+04
3.849849849849849903e+00,9.112839855645618809e+04
3.855855855855855996e+00,9.063798274383063836e+04
3.861861861861861644e+00,9.015083054423276917e+04
3.867867867867867737e+00,8.966691621093844878e+04
3.873873873873873386e+00,8.918621423089902964e+04
3.879879879879879478e+00,8.870869932235642045e+04
3.885885885885885571e+00,8.823434643248608336e+04
3.891891891891892108e+00,8.776313073506572982e+04
3.897897897897898201e+00,8.729502762817087932e+04
3.903903903903903849e+00,8.683001273189562198e+04
3.909909909909909942e+00,8.636806188609932724e+04
3.915915915915915591e+00,8.590915114817862923e+04
3.921921921921921683e+00,8.545325679086419404e+04
3.927927927927927332e+00,8.500035530004200700e+04
3.933933933933934313e+00,8.455042337259923806e+04
3.939939939939939961e+00,8.410343791429416160e+04
3.945945945945946054e+00,8.365937603764934465e+04
3.951951951951951703e+00,8.321821505986909324e+04
3.957957957957957795e+00,8.277993250077910488e+04
3.963963963963963444e+00,8.234450608078997175e+04
3.969969969969969537e+00,8.191191371888264257e+04
3.975975975975976073e+00,8.148213353061646922e+04
3.981981981981982166e+00,8.105514382615937211e+04
3.987987987987988259e+00,8.063092310833970259e+04
3.993993993993993907e+00,8.020945007071962755e+04
4.000000000000000000e+00,7.979070359568989079e+04
4.006006006006005649e+00,7.937466275258573296e+04
4.012012012012011297e+00,7.896130679582325683e+04
4.018018018018017834e+00,7.855061516305660189e+04
4.024024024024024371e+00,7.814256747335527325e+04
4.030030030030030019e+00,7.773714352540162508e+04
4.036036036036035668e+00,7.733432329570798902e+04
4.042042042042042205e+00,7.693408693685346225e+04
4.048048048048047853e+00,7.653641477574004966e+04
4.054054054054053502e+00,7.614128731186786899e+04
4.060060060060059151e+00,7.574868521562911337e+04
4.066066066066066576e+00,7.535858932662103325e+04
4.072072072072072224e+00,7.497098065197688993e+04
4.078078078078077873e+00,7.458584036471539002e+04
4.084084084084084409e+00,7.420314980210806243e+04
4.090090090090090058e+00,7.382289046406425769e+04
4.096096096096095707e+00,7.344504401153410436e+04
4.102102102102101355e+00,7.306959226492838934e+04
4.108108108108108780e+00,7.269651720255575492e+04
4.114114114114114429e+00,7.232580095907708164e+04
4.120120120120120077e+00,7.195742582397609658e+04
4.126126126126125726e+00,7.159137424004713830e+04
4.132132132132132263e+00,7.122762880189869611e+04
4.138138138138137911e+00,7.086617225447377132e+04
4.144144144144143560e+00,7.050698749158541614e+04
4.150150150150149209e+00,7.015005755446886178e+04
4.156156156156156634e+00,6.979536563034873689e+04
4.162162162162162282e+00,6.944289505102174007e+04
4.168168168168167931e+00,6.909262929145483940e+04
4.174174174174173579e+00,6.874455196839816927e+04
4.180180180180180116e+00,6.839864683901306125e+04
4.186186186186185765e+00,6.805489779951478704e+04
4.192192192192191413e+00,6.771328888382959121e+04
4.198198198198198838e+00,6.737380426226630516e+04
4.204204204204204487e+00,6.703642824020227999e+04
4.210210210210210136e+00,6.670114525678296923e+04
4.216216216216215784e+00,6.636793988363561220e+04
4.222222222222222321e+00,6.603679682359668368e+04
4.228228228228227970e+00,6.570770090945283300e+04
4.234234234234233618e+00,6.538063710269505100e+04
4.240240240240240155e+00,6.505559049228637741e+04
4.246246246246246692e+00,6.473254629344252317e+04
4.252252252252252340e+00,6.441148984642526193e+04
4.258258258258257989e+00,6.409240661534898391e+04
4.264264264264263637e+00,6.377528218699938589e+04
4.270270270270270174e+00,6.346010226966538903e+04
4.276276276276275823e+00,6.314685269198247261e+04
4.282282282282281471e+00,6.283551940178890072e+04
4.288288288288288896e+00,6.252608846499373612e+04
4.294294294294294545e+00,6.221854606445701938e+04
4.300300300300300194e+00,6.191287849888113124e+04
4.306306306306305842e+00,6.160907218171463319e+04
4.312312312312312379e+00,6.130711364006686927e+04
4.318318318318318028e+00,6.100698951363452215e+04
4.324324324324323676e+00,6.070868655363903963e+04
4.330330330330330213e+00,6.041219162177533872e+04
4.336336336336336750e+00,6.011749168917164207e+04
4.342342342342342398e+00,5.982457383535977715e+04
4.348348348348348047e+00,5.953342524725665135e+04
4.354354354354353696e+00,5.924403321815613162e+04
4.360360360360360232e+00,5.895638514673152531e+04
4.366366366366365881e+00,5.867046853604831267e+04
4.372372372372372418e+00,5.838627099258716771e+04
4.378378378378378954e+00,5.810378022527752910e+04
4.384384384384384603e+00,5.782298404454028059e+04
4.390390390390390252e+00,5.754387036134141090e+04
4.396396396396395900e+00,5.726642718625479756e+04
4.402402402402402437e+00,5.699064262853486434e+04
4.408408408408408086e+00,5.671650489519893745e+04
4.414414414414413734e+00,5.644400229011884949e+04
4.420420420420420271e+00,5.617312321312219137e+04
4.426426426426426808e+00,5.590385615910264460e+04
4.432432432432432456e+00,5.563618971713938663e+04
4.438438438438438105e+00,5.537011256962586776e+04
4.444444444444443754e+00,5.510561349140718812e+04
4.450450450450450290e+00,5.484268134892664966e+04
4.456456456456455939e+00,5.458130509938073374e+04
4.462462462462462476e+00,5.432147378988300625e+04
4.468468468468468124e+00,5.406317655663659389e+04
4.474474474474474661e+00,5.380640262411477306e+04
4.480480480480480310e+00,5.355114130425030453e+04
4.486486486486485958e+00,5.329738199563285889e+04
4.492492492492492495e+00,5.304511418271478033e+04
4.498498498498498144e+00,5.279432743502467201e+04
4.504504504504504681e+00,5.254501140638921061e+04
4.510510510510510329e+00,5.229715583416291338e+04
4.516516516516516866e+00,5.205075053846533410e+04
4.522522522522522515e+00,5.180578542142658989e+04
4.528528528528528163e+00,5.156225046644006216e+04
4.534534534534533812e+00,5.132013573742278822e+04
4.540540540540540349e+00,5.107943137808350730e+04
4.546546546546545997e+00,5.084012761119790230e+04
4.552552552552552534e+00,5.060221473789116135e+04
4.558558558558558182e+00,5.036568313692809897e+04
4.564564564564564719e+00,5.013052326400976744e+04
4.570570570570570368e+00,4.989672565107788978e+04
4.576576576576576016e+00,4.966428090562577563e+04
4.582582582582582553e+00,4.943317971001646220e+04
4.588588588588588202e+00,4.920341282080750534e+04
4.594594594594594739e+00,4.897497106808252283e+04
4.600600600600600387e+00,4.874784535478980251e+04
4.606606606606606924e+00,4.852202665608685493e+04
4.612612612612612573e+00,4.829750601869227103e+04
4.618618618618618221e+00,4.807427456024348794e+04
4.624624624624623870e+00,4.785232346866117587e+04
4.630630630630630407e+00,4.763164400152015151e+04
4.636636636636636943e+00,4.741222748542603949e+04
4.642642642642642592e+00,4.719406531539882417e+04
4.648648648648648241e+00,4.697714895426188014e+04
4.654654654654654777e+00,4.676146993203743477e+04
4.660660660660660426e+00,4.654701984534802614e+04
4.666666666666666075e+00,4.633379035682370886e+04
4.672672672672672611e+00,4.612177319451528456e+04
4.678678678678679148e+00,4.591096015131324384e+04
4.684684684684684797e+00,4.570134308437266736e+04
4.690690690690690445e+00,4.549291391454331460e+04
4.696696696696696982e+00,4.528566462580593361e+04
4.702702702702702631e+00,4.507958726471367845e+04
4.708708708708708279e+00,4.487467393983923830e+04
4.714714714714713928e+00,4.467091682122737984e+04
4.720720720720720465e+00,4.446830813985283021e+04
4.726726726726727001e+00,4.426684018708336953e+04
4.732732732732732650e+00,4.406650531414861325e+04
4.738738738738738299e+00,4.386729593161333469e+04
4.744744744744744835e+00,4.366920450885649916e+04
4.750750750750750484e+00,4.347222357355524582e+04
4.756756756756756133e+00,4.327634571117366431e+04
4.762762762762762669e+00,4.308156356445699203e+04
4.768768768768769206e+00,4.288786983293024241e+04
4.774774774774774855e+00,4.269525727240231936e+04
4.780780780780780503e+00,4.250371869447432255e+04
4.786786786786787040e+00,4.231324696605298232e+04
4.792792792792792689e+00,4.212383500886891852e+04
4.798798798798798337e+00,4.193547579899923585e+04
4.804804804804803986e+00,4.174816236639507406e+04
4.810810810810811411e+00,4.156188779441352381e+04
4.816816816816817060e+00,4.137664521935415542e+04
4.822822822822822708e+00,4.119242782999995688e+04
4.828828828828828357e+00,4.100922886716289213e+04
4.834834834834834894e+00,4.082704162323354831e+04
4.840840840840840542e+00,4.064585944173538155e+04
4.846846846846846191e+00,4.046567571688313910e+04
4.852852852852852727e+00,4.028648389314551605e+04
4.858858858858859264e+00,4.010827746481209033e+04
4.864864864864864913e+00,3.993104997556443413e+04
4.870870870870870561e+00,3.975479501805103064e+04
4.876876876876877098e+00,3.957950623346681823e+04
4.882882882882882747e+00,3.940517731113619811e+04
4.888888888888888395e+00,3.923180198810045113e+04
4.894894894894894044e+00,3.905937404870885803e+04
4.900900900900901469e+00,3.888788732421375607e+04
4.906906906906907118e+00,3.871733569236964104e+04
4.912912912912912766e+00,3.854771307703572529e+04
4.918918918918918415e+00,3.837901344778266503e+04
4.924924924924924952e+00,3.821123081950280903e+04
4.930930930930930600e+00,3.804435925202413637e+04
4.936936936936936249e+00,3.787839284972803580e+04
4.942942942942942786e+00,3.771332576117049757e+04
4.948948948948949322e+00,3.754915217870707420e+04
4.954954954954954971e+00,3.738586633812125365e+04
4.960960960960960620e+00,3.722346251825631771e+04
4.966966966966967156e+00,3.706193504065095476e+04
4.972972972972972805e+00,3.690127826917794300e+04
4.978978978978978454e+00,3.674148660968653712e+04
4.984984984984984102e+00,3.658255450964797637e+04
4.990990990990991527e+00,3.642447645780457242e+04
4.996996996996997176e+00,3.626724698382191855e+04
5.003003003003002824e+00,3.611086065794443857e+04
5.009009009009008473e+00,3.595531209065410803e+04
5.015015015015015010e+00,3.580059593233246414e+04
5.021021021021020658e+00,3.564670687292574439e+04
5.027027027027026307e+00,3.549363964161309559e+04
5.033033033033032844e+00,3.534138900647804985e+04
5.039039039039039380e+00,3.518994977418283815e+04
5.045045045045045029e+00,3.503931678964591993e+04
5.051051051051050678e+00,3.488948493572245206e+04
5.057057057057057214e+00,3.474044913288775570e+04
5.063063063063062863e+00,3.459220433892372967e+04
5.069069069069068512e+00,3.444474554860809440e+04
5.075075075075075048e+00,3.429806779340668436e+04
5.081081081081081585e+00,3.415216614116847632e+04
5.087087087087087234e+00,3.400703569582344062e+04
5.093093093093092882e+00,3.386267159708322288e+04
5.099099099099098531e+00,3.371906902014464868e+04
5.105105105105105068e+00,3.357622317539587675e+04
5.111111111111110716e+00,3.343412930812531704e+04
5.117117117117116365e+00,3.329278269823319715e+04
5.123123123123122902e+00,3.315217865994583553e+04
5.129129129129129439e+00,3.301231254153254849e+04
5.135135135135135087e+00,3.287317972502506018e+04
5.141141141141140736e+00,3.273477562593961920e+04
5.147147147147147273e+00,3.259709569300165458e+04
5.153153153153152921e+00,3.246013540787279635e+04
5.159159159159158570e+00,3.232389028488066469e+04
5.165165165165165106e+00,3.218835587075085277e+04
5.171171171171171643e+00,3.205352774434164530e+04
5.177177177177177292e+00,3.191940151638087991e+04
5.183183183183182940e+00,3.178597282920541693e+04
5.189189189189188589e+00,3.165323735650290473e+04
5.195195195195195126e+00,3.152119080305589159e+04
5.201201201201200774e+00,3.138982890448830949e+04
5.207207207207207311e+00,3.125914742701423165e+04
5.213213213213212960e+00,3.112914216718894386e+04
5.219219219219219497e+00,3.099980895166218761e+04
5.225225225225225145e+00,3.087114363693383348e+04
5.231231231231230794e+00,3.074314210911148257e+04
5.237237237237236442e+00,3.061580028367057457e+04
5.243243243243242979e+00,3.048911410521643847e+04
5.249249249249248628e+00,3.036307954724858428e+04
5.255255255255255165e+00,3.023769261192713748e+04
5.261261261261261701e+00,3.011294932984135812e+04
5.267267267267267350e+00,2.998884575978018984e+04
5.273273273273272999e+00,2.986537798850500985e+04
5.279279279279278647e+00,2.974254213052425621e+04
5.285285285285285184e+00,2.962033432787026686e+04
5.291291291291290833e+00,2.949875074987794142e+04
5.297297297297297369e+00,2.937778759296549833e+04
5.303303303303303018e+00,2.925744108041725485e+04
5.309309309309309555e+00,2.913770746216811676e+04
5.315315315315315203e+00,2.901858301459023278e+04
5.321321321321320852e+00,2.890006404028151883e+04
5.327327327327326500e+00,2.878214686785593585e+04
5.333333333333333037e+00,2.866482785173577577e+04
5.339339339339339574e+00,2.854810337194574822e+04
5.345345345345345223e+00,2.843196983390893729e+04
5.351351351351351759e+00,2.831642366824446071e+04
5.357357357357357408e+00,2.820146133056706822e+04
5.363363363363363057e+00,2.808707930128844600e+04
5.369369369369368705e+00,2.797327408542035118e+04
5.375375375375375242e+00,2.786004221237932143e+04
5.381381381381380891e+00,2.774738023579335641e+04
5.387387387387387427e+00,2.763528473331010173e+04
5.393393393393393076e+00,2.752375230640693553e+04
5.399399399399399613e+00,2.741277958020243750e+04
5.405405405405405261e+00,2.730236320326981877e+04
5.411411411411410910e+00,2.719249984745187248e+04
5.417417417417416559e+00,2.708318620767749962e+04
5.423423423423423095e+00,2.697441900177994830e+04
5.429429429429429632e+00,2.686619497031659557e+04
5.435435435435435281e+00,2.675851087639035904e+04
5.441441441441440929e+00,2.665136350547261100e+04
5.447447447447447466e+00,2.654474966522767136e+04
5.453453453453453115e+00,2.643866618533889778e+04
5.459459459459458763e+00,2.633310991733620540e+04
5.465465465465465300e+00,2.622807773442513644e+04
5.471471471471471837e+00,2.612356653131745770e+04
5.477477477477477485e+00,2.601957322406319145e+04
5.483483483483483134e+00,2.591609474988410875e+04
5.489489489489489671e+00,2.581312806700868896e+04
5.495495495495495319e+00,2.571067015450854160e+04
5.501501501501500968e+00,2.560871801213621438e+04
5.507507507507506617e+00,2.550726866016442727e+04
5.513513513513514042e+00,2.540631913922667445e+04
5.519519519519519690e+00,2.530586651015929237e+04
5.525525525525525339e+00,2.520590785384477203e+04
5.531531531531530987e+00,2.510644027105652640e+04
5.537537537537537524e+00,2.500746088230497116e+04
5.543543543543543173e+00,2.490896682768491519e+04
5.549549549549548821e+00,2.481095526672432607e+04
5.555555555555555358e+00,2.471342337823431444e+04
5.561561561561561895e+00,2.461636836016050438e+04
5.567567567567567544e+00,2.451978742943562247e+04
5.573573573573573192e+00,2.442367782183335294e+04
5.579579579579579729e+00,2.432803679182350970e+04
5.585585585585585378e+00,2.423286161242836533e+04
5.591591591591591026e+00,2.413814957508031512e+04
5.597597597597596675e+00,2.404389798948064345e+04
5.603603603603604100e+00,2.395010418345962898e+04
5.609609609609609748e+00,2.385676550283776305e+04
5.615615615615615397e+00,2.376387931128813580e+04
5.621621621621621046e+00,2.367144299020007384e+04
5.627627627627627582e+00,2.357945393854391295e+04
5.633633633633633231e+00,2.348790957273688764e+04
5.639639639639638879e+00,2.339680732651022117e+04
5.645645645645646304e+00,2.330614465077727800e+04
5.651651651651651953e+00,2.321591901350296394e+04
5.657657657657657602e+00,2.312612789957404311e+04
5.663663663663663250e+00,2.303676881067072827e+04
5.669669669669669787e+00,2.294783926513931510e+04
5.675675675675675436e+00,2.285933679786580251e+04
5.681681681681681084e+00,2.277125896015076796e+04
5.687687687687686733e+00,2.268360331958506140e+04
5.693693693693694158e+00,2.259636745992681244e+04
5.699699699699699806e+00,2.250954898097926707e+04
5.705705705705705455e+00,2.242314549846975206e+04
5.711711711711711104e+00,2.233715464392965805e+04
5.717717717717717640e+00,2.225157406457536854e+04
5.723723723723723289e+00,2.216640142319033839e+04
5.729729729729728938e+00,2.208163439800794367e+04
5.735735735735735474e+00,2.199727068259555381e+04
5.741741741741742011e+00,2.191330798573940774e+04
5.747747747747747660e+00,2.182974403133049418e+04
5.753753753753753308e+00,2.174657655825142137e+04
5.759759759759759845e+00,2.166380332026425094e+04
5.765765765765765494e+00,2.158142208589919028e+04
5.771771771771771142e+00,2.149943063834428176e+04
5.777777777777777679e+00,2.141782677533598689e+04
5.783783783783784216e+00,2.133660830905072362e+04
5.789789789789789864e+00,2.125577306599723306e+04
5.795795795795795513e+00,2.117531888690988126e+04
5.801801801801801162e+00,2.109524362664289583e+04
5.807807807807807698e+00,2.101554515406540304e+04
5.813813813813813347e+00,2.093622135195737792e+04
5.819819819819818996e+00,2.085727011690646759e+04
5.825825825825825532e+00,2.077868935920562581e+04
5.831831831831832069e+00,2.070047700275168972e+04
5.837837837837837718e+00,2.062263098494465157e+04
5.843843843843843366e+00,2.054514925658789798e+04
5.849849849849849903e+00,2.046802978178918784e+04
5.855855855855855552e+00,2.039127053786250690e+04
5.861861861861861200e+00,2.031486951523069729e+04
5.867867867867867737e+00,2.023882471732888735e+04
5.873873873873874274e+00,2.016313416050876549e+04
5.879879879879879923e+00,2.008779587394354894e+04
5.885885885885885571e+00,2.001280789953381100e+04
5.891891891891891220e+00,1.993816829181409776e+04
5.897897897897897757e+00,1.986387511786020696e+04
5.903903903903903405e+00,1.978992645719735083e+04
5.909909909909909942e+00,1.971632040170896289e+04
5.915915915915915591e+00,1.964305505554641422e+04
5.921921921921922127e+00,1.957012853503916995e+04
5.927927927927927776e+00,1.949753896860604436e+04
5.933933933933933424e+00,1.942528449666691813e+04
5.939939939939939961e+00,1.935336327155527397e+04
5.945945945945945610e+00,1.928177345743143451e+04
5.951951951951951258e+00,1.921051323019651682e+04
5.957957957957957795e+00,1.913958077740705630e+04
5.963963963963964332e+00,1.906897429819039826e+04
5.969969969969969981e+00,1.899869200316061324e+04
5.975975975975975629e+00,1.892873211433532924e+04
5.981981981981981278e+00,1.885909286505302225e+04
5.987987987987987815e+00,1.878977249989112897e+04
5.993993993993993463e+00,1.872076927458472346e+04
6.000000000000000000e+00,1.865208145594588859e+04
